,date,lunage
0,20090101,5.0
1,20090102,6.0
2,20090103,7.0
3,20090104,8.0
4,20090105,9.0
5,20090106,10.0
6,20090107,11.0
7,20090108,12.0
8,20090109,13.0
9,20090110,14.0
10,20090111,15.0
11,20090112,16.0
12,20090113,17.0
13,20090114,18.0
14,20090115,19.0
15,20090116,20.0
16,20090117,21.0
17,20090118,22.0
18,20090119,23.0
19,20090120,24.0
20,20090121,25.0
21,20090122,26.0
22,20090123,27.0
23,20090124,28.0
24,20090125,29.0
25,20090126,0.2
26,20090127,1.2
27,20090128,2.2
28,20090129,3.2
29,20090130,4.2
30,20090131,5.2
31,20090201,6.2
32,20090202,7.2
33,20090203,8.2
34,20090204,9.2
35,20090205,10.2
36,20090206,11.2
37,20090207,12.2
38,20090208,13.2
39,20090209,14.2
40,20090210,15.2
41,20090211,16.2
42,20090212,17.2
43,20090213,18.2
44,20090214,19.2
45,20090215,20.2
46,20090216,21.2
47,20090217,22.2
48,20090218,23.2
49,20090219,24.2
50,20090220,25.2
51,20090221,26.2
52,20090222,27.2
53,20090223,28.2
54,20090224,29.2
55,20090225,0.4
56,20090226,1.4
57,20090227,2.4
58,20090228,3.4
59,20090301,4.4
60,20090302,5.4
61,20090303,6.4
62,20090304,7.4
63,20090305,8.4
64,20090306,9.4
65,20090307,10.4
66,20090308,11.4
67,20090309,12.4
68,20090310,13.4
69,20090311,14.4
70,20090312,15.4
71,20090313,16.4
72,20090314,17.4
73,20090315,18.4
74,20090316,19.4
75,20090317,20.4
76,20090318,21.4
77,20090319,22.4
78,20090320,23.4
79,20090321,24.4
80,20090322,25.4
81,20090323,26.4
82,20090324,27.4
83,20090325,28.4
84,20090326,29.4
85,20090327,0.8
86,20090328,1.8
87,20090329,2.8
88,20090330,3.8
89,20090331,4.8
90,20090401,5.8
91,20090402,6.8
92,20090403,7.8
93,20090404,8.8
94,20090405,9.8
95,20090406,10.8
96,20090407,11.8
97,20090408,12.8
98,20090409,13.8
99,20090410,14.8
100,20090411,15.8
101,20090412,16.8
102,20090413,17.8
103,20090414,18.8
104,20090415,19.8
105,20090416,20.8
106,20090417,21.8
107,20090418,22.8
108,20090419,23.8
109,20090420,24.8
110,20090421,25.8
111,20090422,26.8
112,20090423,27.8
113,20090424,28.8
114,20090425,0.4
115,20090426,1.4
116,20090427,2.4
117,20090428,3.4
118,20090429,4.4
119,20090430,5.4
120,20090501,6.4
121,20090502,7.4
122,20090503,8.4
123,20090504,9.4
124,20090505,10.4
125,20090506,11.4
126,20090507,12.4
127,20090508,13.4
128,20090509,14.4
129,20090510,15.4
130,20090511,16.4
131,20090512,17.4
132,20090513,18.4
133,20090514,19.4
134,20090515,20.4
135,20090516,21.4
136,20090517,22.4
137,20090518,23.4
138,20090519,24.4
139,20090520,25.4
140,20090521,26.4
141,20090522,27.4
142,20090523,28.4
143,20090524,29.4
144,20090525,1.0
145,20090526,2.0
146,20090527,3.0
147,20090528,4.0
148,20090529,5.0
149,20090530,6.0
150,20090531,7.0
151,20090601,8.0
152,20090602,9.0
153,20090603,10.0
154,20090604,11.0
155,20090605,12.0
156,20090606,13.0
157,20090607,14.0
158,20090608,15.0
159,20090609,16.0
160,20090610,17.0
161,20090611,18.0
162,20090612,19.0
163,20090613,20.0
164,20090614,21.0
165,20090615,22.0
166,20090616,23.0
167,20090617,24.0
168,20090618,25.0
169,20090619,26.0
170,20090620,27.0
171,20090621,28.0
172,20090622,29.0
173,20090623,0.7
174,20090624,1.7
175,20090625,2.7
176,20090626,3.7
177,20090627,4.7
178,20090628,5.7
179,20090629,6.7
180,20090630,7.7
181,20090701,8.7
182,20090702,9.7
183,20090703,10.7
184,20090704,11.7
185,20090705,12.7
186,20090706,13.7
187,20090707,14.7
188,20090708,15.7
189,20090709,16.7
190,20090710,17.7
191,20090711,18.7
192,20090712,19.7
193,20090713,20.7
194,20090714,21.7
195,20090715,22.7
196,20090716,23.7
197,20090717,24.7
198,20090718,25.7
199,20090719,26.7
200,20090720,27.7
201,20090721,28.7
202,20090722,0.4
203,20090723,1.4
204,20090724,2.4
205,20090725,3.4
206,20090726,4.4
207,20090727,5.4
208,20090728,6.4
209,20090729,7.4
210,20090730,8.4
211,20090731,9.4
212,20090801,10.4
213,20090802,11.4
214,20090803,12.4
215,20090804,13.4
216,20090805,14.4
217,20090806,15.4
218,20090807,16.4
219,20090808,17.4
220,20090809,18.4
221,20090810,19.4
222,20090811,20.4
223,20090812,21.4
224,20090813,22.4
225,20090814,23.4
226,20090815,24.4
227,20090816,25.4
228,20090817,26.4
229,20090818,27.4
230,20090819,28.4
231,20090820,0.1
232,20090821,1.1
233,20090822,2.1
234,20090823,3.1
235,20090824,4.1
236,20090825,5.1
237,20090826,6.1
238,20090827,7.1
239,20090828,8.1
240,20090829,9.1
241,20090830,10.1
242,20090831,11.1
243,20090901,12.1
244,20090902,13.1
245,20090903,14.1
246,20090904,15.1
247,20090905,16.1
248,20090906,17.1
249,20090907,18.1
250,20090908,19.1
251,20090909,20.1
252,20090910,21.1
253,20090911,22.1
254,20090912,23.1
255,20090913,24.1
256,20090914,25.1
257,20090915,26.1
258,20090916,27.1
259,20090917,28.1
260,20090918,29.1
261,20090919,0.7
262,20090920,1.7
263,20090921,2.7
264,20090922,3.7
265,20090923,4.7
266,20090924,5.7
267,20090925,6.7
268,20090926,7.7
269,20090927,8.7
270,20090928,9.7
271,20090929,10.7
272,20090930,11.7
273,20091001,12.7
274,20091002,13.7
275,20091003,14.7
276,20091004,15.7
277,20091005,16.7
278,20091006,17.7
279,20091007,18.7
280,20091008,19.7
281,20091009,20.7
282,20091010,21.7
283,20091011,22.7
284,20091012,23.7
285,20091013,24.7
286,20091014,25.7
287,20091015,26.7
288,20091016,27.7
289,20091017,28.7
290,20091018,0.3
291,20091019,1.3
292,20091020,2.3
293,20091021,3.3
294,20091022,4.3
295,20091023,5.3
296,20091024,6.3
297,20091025,7.3
298,20091026,8.3
299,20091027,9.3
300,20091028,10.3
301,20091029,11.3
302,20091030,12.3
303,20091031,13.3
304,20091101,14.3
305,20091102,15.3
306,20091103,16.3
307,20091104,17.3
308,20091105,18.3
309,20091106,19.3
310,20091107,20.3
311,20091108,21.3
312,20091109,22.3
313,20091110,23.3
314,20091111,24.3
315,20091112,25.3
316,20091113,26.3
317,20091114,27.3
318,20091115,28.3
319,20091116,29.3
320,20091117,0.7
321,20091118,1.7
322,20091119,2.7
323,20091120,3.7
324,20091121,4.7
325,20091122,5.7
326,20091123,6.7
327,20091124,7.7
328,20091125,8.7
329,20091126,9.7
330,20091127,10.7
331,20091128,11.7
332,20091129,12.7
333,20091130,13.7
334,20091201,14.7
335,20091202,15.7
336,20091203,16.7
337,20091204,17.7
338,20091205,18.7
339,20091206,19.7
340,20091207,20.7
341,20091208,21.7
342,20091209,22.7
343,20091210,23.7
344,20091211,24.7
345,20091212,25.7
346,20091213,26.7
347,20091214,27.7
348,20091215,28.7
349,20091216,29.7
350,20091217,1.0
351,20091218,2.0
352,20091219,3.0
353,20091220,4.0
354,20091221,5.0
355,20091222,6.0
356,20091223,7.0
357,20091224,8.0
358,20091225,9.0
359,20091226,10.0
360,20091227,11.0
361,20091228,12.0
362,20091229,13.0
363,20091230,14.0
364,20091231,15.0
365,20100101,16.0
366,20100102,17.0
367,20100103,18.0
368,20100104,19.0
369,20100105,20.0
370,20100106,21.0
371,20100107,22.0
372,20100108,23.0
373,20100109,24.0
374,20100110,25.0
375,20100111,26.0
376,20100112,27.0
377,20100113,28.0
378,20100114,29.0
379,20100115,0.2
380,20100116,1.2
381,20100117,2.2
382,20100118,3.2
383,20100119,4.2
384,20100120,5.2
385,20100121,6.2
386,20100122,7.2
387,20100123,8.2
388,20100124,9.2
389,20100125,10.2
390,20100126,11.2
391,20100127,12.2
392,20100128,13.2
393,20100129,14.2
394,20100130,15.2
395,20100131,16.2
396,20100201,17.2
397,20100202,18.2
398,20100203,19.2
399,20100204,20.2
400,20100205,21.2
401,20100206,22.2
402,20100207,23.2
403,20100208,24.2
404,20100209,25.2
405,20100210,26.2
406,20100211,27.2
407,20100212,28.2
408,20100213,29.2
409,20100214,0.4
410,20100215,1.4
411,20100216,2.4
412,20100217,3.4
413,20100218,4.4
414,20100219,5.4
415,20100220,6.4
416,20100221,7.4
417,20100222,8.4
418,20100223,9.4
419,20100224,10.4
420,20100225,11.4
421,20100226,12.4
422,20100227,13.4
423,20100228,14.4
424,20100301,15.4
425,20100302,16.4
426,20100303,17.4
427,20100304,18.4
428,20100305,19.4
429,20100306,20.4
430,20100307,21.4
431,20100308,22.4
432,20100309,23.4
433,20100310,24.4
434,20100311,25.4
435,20100312,26.4
436,20100313,27.4
437,20100314,28.4
438,20100315,29.4
439,20100316,0.6
440,20100317,1.6
441,20100318,2.6
442,20100319,3.6
443,20100320,4.6
444,20100321,5.6
445,20100322,6.6
446,20100323,7.6
447,20100324,8.6
448,20100325,9.6
449,20100326,10.6
450,20100327,11.6
451,20100328,12.6
452,20100329,13.6
453,20100330,14.6
454,20100331,15.6
455,20100401,16.6
456,20100402,17.6
457,20100403,18.6
458,20100404,19.6
459,20100405,20.6
460,20100406,21.6
461,20100407,22.6
462,20100408,23.6
463,20100409,24.6
464,20100410,25.6
465,20100411,26.6
466,20100412,27.6
467,20100413,28.6
468,20100414,29.6
469,20100415,1.0
470,20100416,2.0
471,20100417,3.0
472,20100418,4.0
473,20100419,5.0
474,20100420,6.0
475,20100421,7.0
476,20100422,8.0
477,20100423,9.0
478,20100424,10.0
479,20100425,11.0
480,20100426,12.0
481,20100427,13.0
482,20100428,14.0
483,20100429,15.0
484,20100430,16.0
485,20100501,17.0
486,20100502,18.0
487,20100503,19.0
488,20100504,20.0
489,20100505,21.0
490,20100506,22.0
491,20100507,23.0
492,20100508,24.0
493,20100509,25.0
494,20100510,26.0
495,20100511,27.0
496,20100512,28.0
497,20100513,29.0
498,20100514,0.5
499,20100515,1.5
500,20100516,2.5
501,20100517,3.5
502,20100518,4.5
503,20100519,5.5
504,20100520,6.5
505,20100521,7.5
506,20100522,8.5
507,20100523,9.5
508,20100524,10.5
509,20100525,11.5
510,20100526,12.5
511,20100527,13.5
512,20100528,14.5
513,20100529,15.5
514,20100530,16.5
515,20100531,17.5
516,20100601,18.5
517,20100602,19.5
518,20100603,20.5
519,20100604,21.5
520,20100605,22.5
521,20100606,23.5
522,20100607,24.5
523,20100608,25.5
524,20100609,26.5
525,20100610,27.5
526,20100611,28.5
527,20100612,0.0
528,20100613,1.0
529,20100614,2.0
530,20100615,3.0
531,20100616,4.0
532,20100617,5.0
533,20100618,6.0
534,20100619,7.0
535,20100620,8.0
536,20100621,9.0
537,20100622,10.0
538,20100623,11.0
539,20100624,12.0
540,20100625,13.0
541,20100626,14.0
542,20100627,15.0
543,20100628,16.0
544,20100629,17.0
545,20100630,18.0
546,20100701,19.0
547,20100702,20.0
548,20100703,21.0
549,20100704,22.0
550,20100705,23.0
551,20100706,24.0
552,20100707,25.0
553,20100708,26.0
554,20100709,27.0
555,20100710,28.0
556,20100711,29.0
557,20100712,0.7
558,20100713,1.7
559,20100714,2.7
560,20100715,3.7
561,20100716,4.7
562,20100717,5.7
563,20100718,6.7
564,20100719,7.7
565,20100720,8.7
566,20100721,9.7
567,20100722,10.7
568,20100723,11.7
569,20100724,12.7
570,20100725,13.7
571,20100726,14.7
572,20100727,15.7
573,20100728,16.7
574,20100729,17.7
575,20100730,18.7
576,20100731,19.7
577,20100801,20.7
578,20100802,21.7
579,20100803,22.7
580,20100804,23.7
581,20100805,24.7
582,20100806,25.7
583,20100807,26.7
584,20100808,27.7
585,20100809,28.7
586,20100810,0.4
587,20100811,1.4
588,20100812,2.4
589,20100813,3.4
590,20100814,4.4
591,20100815,5.4
592,20100816,6.4
593,20100817,7.4
594,20100818,8.4
595,20100819,9.4
596,20100820,10.4
597,20100821,11.4
598,20100822,12.4
599,20100823,13.4
600,20100824,14.4
601,20100825,15.4
602,20100826,16.4
603,20100827,17.4
604,20100828,18.4
605,20100829,19.4
606,20100830,20.4
607,20100831,21.4
608,20100901,22.4
609,20100902,23.4
610,20100903,24.4
611,20100904,25.4
612,20100905,26.4
613,20100906,27.4
614,20100907,28.4
615,20100908,0.1
616,20100909,1.1
617,20100910,2.1
618,20100911,3.1
619,20100912,4.1
620,20100913,5.1
621,20100914,6.1
622,20100915,7.1
623,20100916,8.1
624,20100917,9.1
625,20100918,10.1
626,20100919,11.1
627,20100920,12.1
628,20100921,13.1
629,20100922,14.1
630,20100923,15.1
631,20100924,16.1
632,20100925,17.1
633,20100926,18.1
634,20100927,19.1
635,20100928,20.1
636,20100929,21.1
637,20100930,22.1
638,20101001,23.1
639,20101002,24.1
640,20101003,25.1
641,20101004,26.1
642,20101005,27.1
643,20101006,28.1
644,20101007,29.1
645,20101008,0.7
646,20101009,1.7
647,20101010,2.7
648,20101011,3.7
649,20101012,4.7
650,20101013,5.7
651,20101014,6.7
652,20101015,7.7
653,20101016,8.7
654,20101017,9.7
655,20101018,10.7
656,20101019,11.7
657,20101020,12.7
658,20101021,13.7
659,20101022,14.7
660,20101023,15.7
661,20101024,16.7
662,20101025,17.7
663,20101026,18.7
664,20101027,19.7
665,20101028,20.7
666,20101029,21.7
667,20101030,22.7
668,20101031,23.7
669,20101101,24.7
670,20101102,25.7
671,20101103,26.7
672,20101104,27.7
673,20101105,28.7
674,20101106,0.3
675,20101107,1.3
676,20101108,2.3
677,20101109,3.3
678,20101110,4.3
679,20101111,5.3
680,20101112,6.3
681,20101113,7.3
682,20101114,8.3
683,20101115,9.3
684,20101116,10.3
685,20101117,11.3
686,20101118,12.3
687,20101119,13.3
688,20101120,14.3
689,20101121,15.3
690,20101122,16.3
691,20101123,17.3
692,20101124,18.3
693,20101125,19.3
694,20101126,20.3
695,20101127,21.3
696,20101128,22.3
697,20101129,23.3
698,20101130,24.3
699,20101201,25.3
700,20101202,26.3
701,20101203,27.3
702,20101204,28.3
703,20101205,29.3
704,20101206,0.8
705,20101207,1.8
706,20101208,2.8
707,20101209,3.8
708,20101210,4.8
709,20101211,5.8
710,20101212,6.8
711,20101213,7.8
712,20101214,8.8
713,20101215,9.8
714,20101216,10.8
715,20101217,11.8
716,20101218,12.8
717,20101219,13.8
718,20101220,14.8
719,20101221,15.8
720,20101222,16.8
721,20101223,17.8
722,20101224,18.8
723,20101225,19.8
724,20101226,20.8
725,20101227,21.8
726,20101228,22.8
727,20101229,23.8
728,20101230,24.8
729,20101231,25.8
730,20110101,26.8
731,20110102,27.8
732,20110103,28.8
733,20110104,0.1
734,20110105,1.1
735,20110106,2.1
736,20110107,3.1
737,20110108,4.1
738,20110109,5.1
739,20110110,6.1
740,20110111,7.1
741,20110112,8.1
742,20110113,9.1
743,20110114,10.1
744,20110115,11.1
745,20110116,12.1
746,20110117,13.1
747,20110118,14.1
748,20110119,15.1
749,20110120,16.1
750,20110121,17.1
751,20110122,18.1
752,20110123,19.1
753,20110124,20.1
754,20110125,21.1
755,20110126,22.1
756,20110127,23.1
757,20110128,24.1
758,20110129,25.1
759,20110130,26.1
760,20110131,27.1
761,20110201,28.1
762,20110202,29.1
763,20110203,0.4
764,20110204,1.4
765,20110205,2.4
766,20110206,3.4
767,20110207,4.4
768,20110208,5.4
769,20110209,6.4
770,20110210,7.4
771,20110211,8.4
772,20110212,9.4
773,20110213,10.4
774,20110214,11.4
775,20110215,12.4
776,20110216,13.4
777,20110217,14.4
778,20110218,15.4
779,20110219,16.4
780,20110220,17.4
781,20110221,18.4
782,20110222,19.4
783,20110223,20.4
784,20110224,21.4
785,20110225,22.4
786,20110226,23.4
787,20110227,24.4
788,20110228,25.4
789,20110301,26.4
790,20110302,27.4
791,20110303,28.4
792,20110304,29.4
793,20110305,0.6
794,20110306,1.6
795,20110307,2.6
796,20110308,3.6
797,20110309,4.6
798,20110310,5.6
799,20110311,6.6
800,20110312,7.6
801,20110313,8.6
802,20110314,9.6
803,20110315,10.6
804,20110316,11.6
805,20110317,12.6
806,20110318,13.6
807,20110319,14.6
808,20110320,15.6
809,20110321,16.6
810,20110322,17.6
811,20110323,18.6
812,20110324,19.6
813,20110325,20.6
814,20110326,21.6
815,20110327,22.6
816,20110328,23.6
817,20110329,24.6
818,20110330,25.6
819,20110331,26.6
820,20110401,27.6
821,20110402,28.6
822,20110403,29.6
823,20110404,0.9
824,20110405,1.9
825,20110406,2.9
826,20110407,3.9
827,20110408,4.9
828,20110409,5.9
829,20110410,6.9
830,20110411,7.9
831,20110412,8.9
832,20110413,9.9
833,20110414,10.9
834,20110415,11.9
835,20110416,12.9
836,20110417,13.9
837,20110418,14.9
838,20110419,15.9
839,20110420,16.9
840,20110421,17.9
841,20110422,18.9
842,20110423,19.9
843,20110424,20.9
844,20110425,21.9
845,20110426,22.9
846,20110427,23.9
847,20110428,24.9
848,20110429,25.9
849,20110430,26.9
850,20110501,27.9
851,20110502,28.9
852,20110503,0.2
853,20110504,1.2
854,20110505,2.2
855,20110506,3.2
856,20110507,4.2
857,20110508,5.2
858,20110509,6.2
859,20110510,7.2
860,20110511,8.2
861,20110512,9.2
862,20110513,10.2
863,20110514,11.2
864,20110515,12.2
865,20110516,13.2
866,20110517,14.2
867,20110518,15.2
868,20110519,16.2
869,20110520,17.2
870,20110521,18.2
871,20110522,19.2
872,20110523,20.2
873,20110524,21.2
874,20110525,22.2
875,20110526,23.2
876,20110527,24.2
877,20110528,25.2
878,20110529,26.2
879,20110530,27.2
880,20110531,28.2
881,20110601,29.2
882,20110602,0.6
883,20110603,1.6
884,20110604,2.6
885,20110605,3.6
886,20110606,4.6
887,20110607,5.6
888,20110608,6.6
889,20110609,7.6
890,20110610,8.6
891,20110611,9.6
892,20110612,10.6
893,20110613,11.6
894,20110614,12.6
895,20110615,13.6
896,20110616,14.6
897,20110617,15.6
898,20110618,16.6
899,20110619,17.6
900,20110620,18.6
901,20110621,19.6
902,20110622,20.6
903,20110623,21.6
904,20110624,22.6
905,20110625,23.6
906,20110626,24.6
907,20110627,25.6
908,20110628,26.6
909,20110629,27.6
910,20110630,28.6
911,20110701,0.1
912,20110702,1.1
913,20110703,2.1
914,20110704,3.1
915,20110705,4.1
916,20110706,5.1
917,20110707,6.1
918,20110708,7.1
919,20110709,8.1
920,20110710,9.1
921,20110711,10.1
922,20110712,11.1
923,20110713,12.1
924,20110714,13.1
925,20110715,14.1
926,20110716,15.1
927,20110717,16.1
928,20110718,17.1
929,20110719,18.1
930,20110720,19.1
931,20110721,20.1
932,20110722,21.1
933,20110723,22.1
934,20110724,23.1
935,20110725,24.1
936,20110726,25.1
937,20110727,26.1
938,20110728,27.1
939,20110729,28.1
940,20110730,29.1
941,20110731,0.7
942,20110801,1.7
943,20110802,2.7
944,20110803,3.7
945,20110804,4.7
946,20110805,5.7
947,20110806,6.7
948,20110807,7.7
949,20110808,8.7
950,20110809,9.7
951,20110810,10.7
952,20110811,11.7
953,20110812,12.7
954,20110813,13.7
955,20110814,14.7
956,20110815,15.7
957,20110816,16.7
958,20110817,17.7
959,20110818,18.7
960,20110819,19.7
961,20110820,20.7
962,20110821,21.7
963,20110822,22.7
964,20110823,23.7
965,20110824,24.7
966,20110825,25.7
967,20110826,26.7
968,20110827,27.7
969,20110828,28.7
970,20110829,29.7
971,20110830,1.4
972,20110831,2.4
973,20110901,3.4
974,20110902,4.4
975,20110903,5.4
976,20110904,6.4
977,20110905,7.4
978,20110906,8.4
979,20110907,9.4
980,20110908,10.4
981,20110909,11.4
982,20110910,12.4
983,20110911,13.4
984,20110912,14.4
985,20110913,15.4
986,20110914,16.4
987,20110915,17.4
988,20110916,18.4
989,20110917,19.4
990,20110918,20.4
991,20110919,21.4
992,20110920,22.4
993,20110921,23.4
994,20110922,24.4
995,20110923,25.4
996,20110924,26.4
997,20110925,27.4
998,20110926,28.4
999,20110927,0.0
1000,20110928,1.0
1001,20110929,2.0
1002,20110930,3.0
1003,20111001,4.0
1004,20111002,5.0
1005,20111003,6.0
1006,20111004,7.0
1007,20111005,8.0
1008,20111006,9.0
1009,20111007,10.0
1010,20111008,11.0
1011,20111009,12.0
1012,20111010,13.0
1013,20111011,14.0
1014,20111012,15.0
1015,20111013,16.0
1016,20111014,17.0
1017,20111015,18.0
1018,20111016,19.0
1019,20111017,20.0
1020,20111018,21.0
1021,20111019,22.0
1022,20111020,23.0
1023,20111021,24.0
1024,20111022,25.0
1025,20111023,26.0
1026,20111024,27.0
1027,20111025,28.0
1028,20111026,29.0
1029,20111027,0.7
1030,20111028,1.7
1031,20111029,2.7
1032,20111030,3.7
1033,20111031,4.7
1034,20111101,5.7
1035,20111102,6.7
1036,20111103,7.7
1037,20111104,8.7
1038,20111105,9.7
1039,20111106,10.7
1040,20111107,11.7
1041,20111108,12.7
1042,20111109,13.7
1043,20111110,14.7
1044,20111111,15.7
1045,20111112,16.7
1046,20111113,17.7
1047,20111114,18.7
1048,20111115,19.7
1049,20111116,20.7
1050,20111117,21.7
1051,20111118,22.7
1052,20111119,23.7
1053,20111120,24.7
1054,20111121,25.7
1055,20111122,26.7
1056,20111123,27.7
1057,20111124,28.7
1058,20111125,0.2
1059,20111126,1.2
1060,20111127,2.2
1061,20111128,3.2
1062,20111129,4.2
1063,20111130,5.2
1064,20111201,6.2
1065,20111202,7.2
1066,20111203,8.2
1067,20111204,9.2
1068,20111205,10.2
1069,20111206,11.2
1070,20111207,12.2
1071,20111208,13.2
1072,20111209,14.2
1073,20111210,15.2
1074,20111211,16.2
1075,20111212,17.2
1076,20111213,18.2
1077,20111214,19.2
1078,20111215,20.2
1079,20111216,21.2
1080,20111217,22.2
1081,20111218,23.2
1082,20111219,24.2
1083,20111220,25.2
1084,20111221,26.2
1085,20111222,27.2
1086,20111223,28.2
1087,20111224,29.2
1088,20111225,0.7
1089,20111226,1.7
1090,20111227,2.7
1091,20111228,3.7
1092,20111229,4.7
1093,20111230,5.7
1094,20111231,6.7
1095,20120101,7.7
1096,20120102,8.7
1097,20120103,9.7
1098,20120104,10.7
1099,20120105,11.7
1100,20120106,12.7
1101,20120107,13.7
1102,20120108,14.7
1103,20120109,15.7
1104,20120110,16.7
1105,20120111,17.7
1106,20120112,18.7
1107,20120113,19.7
1108,20120114,20.7
1109,20120115,21.7
1110,20120116,22.7
1111,20120117,23.7
1112,20120118,24.7
1113,20120119,25.7
1114,20120120,26.7
1115,20120121,27.7
1116,20120122,28.7
1117,20120123,0.2
1118,20120124,1.2
1119,20120125,2.2
1120,20120126,3.2
1121,20120127,4.2
1122,20120128,5.2
1123,20120129,6.2
1124,20120130,7.2
1125,20120131,8.2
1126,20120201,9.2
1127,20120202,10.2
1128,20120203,11.2
1129,20120204,12.2
1130,20120205,13.2
1131,20120206,14.2
1132,20120207,15.2
1133,20120208,16.2
1134,20120209,17.2
1135,20120210,18.2
1136,20120211,19.2
1137,20120212,20.2
1138,20120213,21.2
1139,20120214,22.2
1140,20120215,23.2
1141,20120216,24.2
1142,20120217,25.2
1143,20120218,26.2
1144,20120219,27.2
1145,20120220,28.2
1146,20120221,29.2
1147,20120222,0.6
1148,20120223,1.6
1149,20120224,2.6
1150,20120225,3.6
1151,20120226,4.6
1152,20120227,5.6
1153,20120228,6.6
1154,20120229,7.6
1155,20120301,8.6
1156,20120302,9.6
1157,20120303,10.6
1158,20120304,11.6
1159,20120305,12.6
1160,20120306,13.6
1161,20120307,14.6
1162,20120308,15.6
1163,20120309,16.6
1164,20120310,17.6
1165,20120311,18.6
1166,20120312,19.6
1167,20120313,20.6
1168,20120314,21.6
1169,20120315,22.6
1170,20120316,23.6
1171,20120317,24.6
1172,20120318,25.6
1173,20120319,26.6
1174,20120320,27.6
1175,20120321,28.6
1176,20120322,29.6
1177,20120323,0.9
1178,20120324,1.9
1179,20120325,2.9
1180,20120326,3.9
1181,20120327,4.9
1182,20120328,5.9
1183,20120329,6.9
1184,20120330,7.9
1185,20120331,8.9
1186,20120401,9.9
1187,20120402,10.9
1188,20120403,11.9
1189,20120404,12.9
1190,20120405,13.9
1191,20120406,14.9
1192,20120407,15.9
1193,20120408,16.9
1194,20120409,17.9
1195,20120410,18.9
1196,20120411,19.9
1197,20120412,20.9
1198,20120413,21.9
1199,20120414,22.9
1200,20120415,23.9
1201,20120416,24.9
1202,20120417,25.9
1203,20120418,26.9
1204,20120419,27.9
1205,20120420,28.9
1206,20120421,0.2
1207,20120422,1.2
1208,20120423,2.2
1209,20120424,3.2
1210,20120425,4.2
1211,20120426,5.2
1212,20120427,6.2
1213,20120428,7.2
1214,20120429,8.2
1215,20120430,9.2
1216,20120501,10.2
1217,20120502,11.2
1218,20120503,12.2
1219,20120504,13.2
1220,20120505,14.2
1221,20120506,15.2
1222,20120507,16.2
1223,20120508,17.2
1224,20120509,18.2
1225,20120510,19.2
1226,20120511,20.2
1227,20120512,21.2
1228,20120513,22.2
1229,20120514,23.2
1230,20120515,24.2
1231,20120516,25.2
1232,20120517,26.2
1233,20120518,27.2
1234,20120519,28.2
1235,20120520,29.2
1236,20120521,0.5
1237,20120522,1.5
1238,20120523,2.5
1239,20120524,3.5
1240,20120525,4.5
1241,20120526,5.5
1242,20120527,6.5
1243,20120528,7.5
1244,20120529,8.5
1245,20120530,9.5
1246,20120531,10.5
1247,20120601,11.5
1248,20120602,12.5
1249,20120603,13.5
1250,20120604,14.5
1251,20120605,15.5
1252,20120606,16.5
1253,20120607,17.5
1254,20120608,18.5
1255,20120609,19.5
1256,20120610,20.5
1257,20120611,21.5
1258,20120612,22.5
1259,20120613,23.5
1260,20120614,24.5
1261,20120615,25.5
1262,20120616,26.5
1263,20120617,27.5
1264,20120618,28.5
1265,20120619,29.5
1266,20120620,0.9
1267,20120621,1.9
1268,20120622,2.9
1269,20120623,3.9
1270,20120624,4.9
1271,20120625,5.9
1272,20120626,6.9
1273,20120627,7.9
1274,20120628,8.9
1275,20120629,9.9
1276,20120630,10.9
1277,20120701,11.9
1278,20120702,12.9
1279,20120703,13.9
1280,20120704,14.9
1281,20120705,15.9
1282,20120706,16.9
1283,20120707,17.9
1284,20120708,18.9
1285,20120709,19.9
1286,20120710,20.9
1287,20120711,21.9
1288,20120712,22.9
1289,20120713,23.9
1290,20120714,24.9
1291,20120715,25.9
1292,20120716,26.9
1293,20120717,27.9
1294,20120718,28.9
1295,20120719,0.3
1296,20120720,1.3
1297,20120721,2.3
1298,20120722,3.3
1299,20120723,4.3
1300,20120724,5.3
1301,20120725,6.3
1302,20120726,7.3
1303,20120727,8.3
1304,20120728,9.3
1305,20120729,10.3
1306,20120730,11.3
1307,20120731,12.3
1308,20120801,13.3
1309,20120802,14.3
1310,20120803,15.3
1311,20120804,16.3
1312,20120805,17.3
1313,20120806,18.3
1314,20120807,19.3
1315,20120808,20.3
1316,20120809,21.3
1317,20120810,22.3
1318,20120811,23.3
1319,20120812,24.3
1320,20120813,25.3
1321,20120814,26.3
1322,20120815,27.3
1323,20120816,28.3
1324,20120817,29.3
1325,20120818,0.8
1326,20120819,1.8
1327,20120820,2.8
1328,20120821,3.8
1329,20120822,4.8
1330,20120823,5.8
1331,20120824,6.8
1332,20120825,7.8
1333,20120826,8.8
1334,20120827,9.8
1335,20120828,10.8
1336,20120829,11.8
1337,20120830,12.8
1338,20120831,13.8
1339,20120901,14.8
1340,20120902,15.8
1341,20120903,16.8
1342,20120904,17.8
1343,20120905,18.8
1344,20120906,19.8
1345,20120907,20.8
1346,20120908,21.8
1347,20120909,22.8
1348,20120910,23.8
1349,20120911,24.8
1350,20120912,25.8
1351,20120913,26.8
1352,20120914,27.8
1353,20120915,28.8
1354,20120916,0.4
1355,20120917,1.4
1356,20120918,2.4
1357,20120919,3.4
1358,20120920,4.4
1359,20120921,5.4
1360,20120922,6.4
1361,20120923,7.4
1362,20120924,8.4
1363,20120925,9.4
1364,20120926,10.4
1365,20120927,11.4
1366,20120928,12.4
1367,20120929,13.4
1368,20120930,14.4
1369,20121001,15.4
1370,20121002,16.4
1371,20121003,17.4
1372,20121004,18.4
1373,20121005,19.4
1374,20121006,20.4
1375,20121007,21.4
1376,20121008,22.4
1377,20121009,23.4
1378,20121010,24.4
1379,20121011,25.4
1380,20121012,26.4
1381,20121013,27.4
1382,20121014,28.4
1383,20121015,29.4
1384,20121016,1.0
1385,20121017,2.0
1386,20121018,3.0
1387,20121019,4.0
1388,20121020,5.0
1389,20121021,6.0
1390,20121022,7.0
1391,20121023,8.0
1392,20121024,9.0
1393,20121025,10.0
1394,20121026,11.0
1395,20121027,12.0
1396,20121028,13.0
1397,20121029,14.0
1398,20121030,15.0
1399,20121031,16.0
1400,20121101,17.0
1401,20121102,18.0
1402,20121103,19.0
1403,20121104,20.0
1404,20121105,21.0
1405,20121106,22.0
1406,20121107,23.0
1407,20121108,24.0
1408,20121109,25.0
1409,20121110,26.0
1410,20121111,27.0
1411,20121112,28.0
1412,20121113,29.0
1413,20121114,0.6
1414,20121115,1.6
1415,20121116,2.6
1416,20121117,3.6
1417,20121118,4.6
1418,20121119,5.6
1419,20121120,6.6
1420,20121121,7.6
1421,20121122,8.6
1422,20121123,9.6
1423,20121124,10.6
1424,20121125,11.6
1425,20121126,12.6
1426,20121127,13.6
1427,20121128,14.6
1428,20121129,15.6
1429,20121130,16.6
1430,20121201,17.6
1431,20121202,18.6
1432,20121203,19.6
1433,20121204,20.6
1434,20121205,21.6
1435,20121206,22.6
1436,20121207,23.6
1437,20121208,24.6
1438,20121209,25.6
1439,20121210,26.6
1440,20121211,27.6
1441,20121212,28.6
1442,20121213,0.1
1443,20121214,1.1
1444,20121215,2.1
1445,20121216,3.1
1446,20121217,4.1
1447,20121218,5.1
1448,20121219,6.1
1449,20121220,7.1
1450,20121221,8.1
1451,20121222,9.1
1452,20121223,10.1
1453,20121224,11.1
1454,20121225,12.1
1455,20121226,13.1
1456,20121227,14.1
1457,20121228,15.1
1458,20121229,16.1
1459,20121230,17.1
1460,20121231,18.1
1461,20130101,19.1
1462,20130102,20.1
1463,20130103,21.1
1464,20130104,22.1
1465,20130105,23.1
1466,20130106,24.1
1467,20130107,25.1
1468,20130108,26.1
1469,20130109,27.1
1470,20130110,28.1
1471,20130111,29.1
1472,20130112,0.7
1473,20130113,1.7
1474,20130114,2.7
1475,20130115,3.7
1476,20130116,4.7
1477,20130117,5.7
1478,20130118,6.7
1479,20130119,7.7
1480,20130120,8.7
1481,20130121,9.7
1482,20130122,10.7
1483,20130123,11.7
1484,20130124,12.7
1485,20130125,13.7
1486,20130126,14.7
1487,20130127,15.7
1488,20130128,16.7
1489,20130129,17.7
1490,20130130,18.7
1491,20130131,19.7
1492,20130201,20.7
1493,20130202,21.7
1494,20130203,22.7
1495,20130204,23.7
1496,20130205,24.7
1497,20130206,25.7
1498,20130207,26.7
1499,20130208,27.7
1500,20130209,28.7
1501,20130210,0.2
1502,20130211,1.2
1503,20130212,2.2
1504,20130213,3.2
1505,20130214,4.2
1506,20130215,5.2
1507,20130216,6.2
1508,20130217,7.2
1509,20130218,8.2
1510,20130219,9.2
1511,20130220,10.2
1512,20130221,11.2
1513,20130222,12.2
1514,20130223,13.2
1515,20130224,14.2
1516,20130225,15.2
1517,20130226,16.2
1518,20130227,17.2
1519,20130228,18.2
1520,20130301,19.2
1521,20130302,20.2
1522,20130303,21.2
1523,20130304,22.2
1524,20130305,23.2
1525,20130306,24.2
1526,20130307,25.2
1527,20130308,26.2
1528,20130309,27.2
1529,20130310,28.2
1530,20130311,29.2
1531,20130312,0.7
1532,20130313,1.7
1533,20130314,2.7
1534,20130315,3.7
1535,20130316,4.7
1536,20130317,5.7
1537,20130318,6.7
1538,20130319,7.7
1539,20130320,8.7
1540,20130321,9.7
1541,20130322,10.7
1542,20130323,11.7
1543,20130324,12.7
1544,20130325,13.7
1545,20130326,14.7
1546,20130327,15.7
1547,20130328,16.7
1548,20130329,17.7
1549,20130330,18.7
1550,20130331,19.7
1551,20130401,20.7
1552,20130402,21.7
1553,20130403,22.7
1554,20130404,23.7
1555,20130405,24.7
1556,20130406,25.7
1557,20130407,26.7
1558,20130408,27.7
1559,20130409,28.7
1560,20130410,0.1
1561,20130411,1.1
1562,20130412,2.1
1563,20130413,3.1
1564,20130414,4.1
1565,20130415,5.1
1566,20130416,6.1
1567,20130417,7.1
1568,20130418,8.1
1569,20130419,9.1
1570,20130420,10.1
1571,20130421,11.1
1572,20130422,12.1
1573,20130423,13.1
1574,20130424,14.1
1575,20130425,15.1
1576,20130426,16.1
1577,20130427,17.1
1578,20130428,18.1
1579,20130429,19.1
1580,20130430,20.1
1581,20130501,21.1
1582,20130502,22.1
1583,20130503,23.1
1584,20130504,24.1
1585,20130505,25.1
1586,20130506,26.1
1587,20130507,27.1
1588,20130508,28.1
1589,20130509,29.1
1590,20130510,0.5
1591,20130511,1.5
1592,20130512,2.5
1593,20130513,3.5
1594,20130514,4.5
1595,20130515,5.5
1596,20130516,6.5
1597,20130517,7.5
1598,20130518,8.5
1599,20130519,9.5
1600,20130520,10.5
1601,20130521,11.5
1602,20130522,12.5
1603,20130523,13.5
1604,20130524,14.5
1605,20130525,15.5
1606,20130526,16.5
1607,20130527,17.5
1608,20130528,18.5
1609,20130529,19.5
1610,20130530,20.5
1611,20130531,21.5
1612,20130601,22.5
1613,20130602,23.5
1614,20130603,24.5
1615,20130604,25.5
1616,20130605,26.5
1617,20130606,27.5
1618,20130607,28.5
1619,20130608,29.5
1620,20130609,0.8
1621,20130610,1.8
1622,20130611,2.8
1623,20130612,3.8
1624,20130613,4.8
1625,20130614,5.8
1626,20130615,6.8
1627,20130616,7.8
1628,20130617,8.8
1629,20130618,9.8
1630,20130619,10.8
1631,20130620,11.8
1632,20130621,12.8
1633,20130622,13.8
1634,20130623,14.8
1635,20130624,15.8
1636,20130625,16.8
1637,20130626,17.8
1638,20130627,18.8
1639,20130628,19.8
1640,20130629,20.8
1641,20130630,21.8
1642,20130701,22.8
1643,20130702,23.8
1644,20130703,24.8
1645,20130704,25.8
1646,20130705,26.8
1647,20130706,27.8
1648,20130707,28.8
1649,20130708,0.2
1650,20130709,1.2
1651,20130710,2.2
1652,20130711,3.2
1653,20130712,4.2
1654,20130713,5.2
1655,20130714,6.2
1656,20130715,7.2
1657,20130716,8.2
1658,20130717,9.2
1659,20130718,10.2
1660,20130719,11.2
1661,20130720,12.2
1662,20130721,13.2
1663,20130722,14.2
1664,20130723,15.2
1665,20130724,16.2
1666,20130725,17.2
1667,20130726,18.2
1668,20130727,19.2
1669,20130728,20.2
1670,20130729,21.2
1671,20130730,22.2
1672,20130731,23.2
1673,20130801,24.2
1674,20130802,25.2
1675,20130803,26.2
1676,20130804,27.2
1677,20130805,28.2
1678,20130806,29.2
1679,20130807,0.6
1680,20130808,1.6
1681,20130809,2.6
1682,20130810,3.6
1683,20130811,4.6
1684,20130812,5.6
1685,20130813,6.6
1686,20130814,7.6
1687,20130815,8.6
1688,20130816,9.6
1689,20130817,10.6
1690,20130818,11.6
1691,20130819,12.6
1692,20130820,13.6
1693,20130821,14.6
1694,20130822,15.6
1695,20130823,16.6
1696,20130824,17.6
1697,20130825,18.6
1698,20130826,19.6
1699,20130827,20.6
1700,20130828,21.6
1701,20130829,22.6
1702,20130830,23.6
1703,20130831,24.6
1704,20130901,25.6
1705,20130902,26.6
1706,20130903,27.6
1707,20130904,28.6
1708,20130905,0.0
1709,20130906,1.0
1710,20130907,2.0
1711,20130908,3.0
1712,20130909,4.0
1713,20130910,5.0
1714,20130911,6.0
1715,20130912,7.0
1716,20130913,8.0
1717,20130914,9.0
1718,20130915,10.0
1719,20130916,11.0
1720,20130917,12.0
1721,20130918,13.0
1722,20130919,14.0
1723,20130920,15.0
1724,20130921,16.0
1725,20130922,17.0
1726,20130923,18.0
1727,20130924,19.0
1728,20130925,20.0
1729,20130926,21.0
1730,20130927,22.0
1731,20130928,23.0
1732,20130929,24.0
1733,20130930,25.0
1734,20131001,26.0
1735,20131002,27.0
1736,20131003,28.0
1737,20131004,29.0
1738,20131005,0.5
1739,20131006,1.5
1740,20131007,2.5
1741,20131008,3.5
1742,20131009,4.5
1743,20131010,5.5
1744,20131011,6.5
1745,20131012,7.5
1746,20131013,8.5
1747,20131014,9.5
1748,20131015,10.5
1749,20131016,11.5
1750,20131017,12.5
1751,20131018,13.5
1752,20131019,14.5
1753,20131020,15.5
1754,20131021,16.5
1755,20131022,17.5
1756,20131023,18.5
1757,20131024,19.5
1758,20131025,20.5
1759,20131026,21.5
1760,20131027,22.5
1761,20131028,23.5
1762,20131029,24.5
1763,20131030,25.5
1764,20131031,26.5
1765,20131101,27.5
1766,20131102,28.5
1767,20131103,29.5
1768,20131104,1.0
1769,20131105,2.0
1770,20131106,3.0
1771,20131107,4.0
1772,20131108,5.0
1773,20131109,6.0
1774,20131110,7.0
1775,20131111,8.0
1776,20131112,9.0
1777,20131113,10.0
1778,20131114,11.0
1779,20131115,12.0
1780,20131116,13.0
1781,20131117,14.0
1782,20131118,15.0
1783,20131119,16.0
1784,20131120,7.0
1785,20131121,18.0
1786,20131122,19.0
1787,20131123,20.0
1788,20131124,21.0
1789,20131125,22.0
1790,20131126,23.0
1791,20131127,24.0
1792,20131128,25.0
1793,20131129,26.0
1794,20131130,27.0
1795,20131201,28.0
1796,20131202,29.0
1797,20131203,0.5
1798,20131204,1.5
1799,20131205,2.5
1800,20131206,3.5
1801,20131207,4.5
1802,20131208,5.5
1803,20131209,6.5
1804,20131210,7.5
1805,20131211,8.5
1806,20131212,9.5
1807,20131213,10.5
1808,20131214,11.5
1809,20131215,12.5
1810,20131216,13.5
1811,20131217,14.5
1812,20131218,15.5
1813,20131219,16.5
1814,20131220,17.5
1815,20131221,18.5
1816,20131222,19.5
1817,20131223,20.5
1818,20131224,21.5
1819,20131225,22.5
1820,20131226,23.5
1821,20131227,24.5
1822,20131228,25.5
1823,20131229,26.5
1824,20131230,27.5
1825,20131231,28.5
1826,20140101,0.0
1827,20140102,1.0
1828,20140103,2.0
1829,20140104,3.0
1830,20140105,4.0
1831,20140106,5.0
1832,20140107,6.0
1833,20140108,7.0
1834,20140109,8.0
1835,20140110,9.0
1836,20140111,10.0
1837,20140112,11.0
1838,20140113,12.0
1839,20140114,13.0
1840,20140115,14.0
1841,20140116,15.0
1842,20140117,16.0
1843,20140118,17.0
1844,20140119,18.0
1845,20140120,19.0
1846,20140121,20.0
1847,20140122,21.0
1848,20140123,22.0
1849,20140124,23.0
1850,20140125,24.0
1851,20140126,25.0
1852,20140127,26.0
1853,20140128,27.0
1854,20140129,28.0
1855,20140130,29.0
1856,20140131,0.6
1857,20140201,1.6
1858,20140202,2.6
1859,20140203,3.6
1860,20140204,4.6
1861,20140205,5.6
1862,20140206,6.6
1863,20140207,7.6
1864,20140208,8.6
1865,20140209,9.6
1866,20140210,10.6
1867,20140211,11.6
1868,20140212,12.6
1869,20140213,13.6
1870,20140214,14.6
1871,20140215,15.6
1872,20140216,16.6
1873,20140217,17.6
1874,20140218,18.6
1875,20140219,19.6
1876,20140220,20.6
1877,20140221,21.6
1878,20140222,22.6
1879,20140223,23.6
1880,20140224,24.6
1881,20140225,25.6
1882,20140226,26.6
1883,20140227,27.6
1884,20140228,28.6
1885,20140301,0.2
1886,20140302,1.2
1887,20140303,2.2
1888,20140304,3.2
1889,20140305,4.2
1890,20140306,5.2
1891,20140307,6.2
1892,20140308,7.2
1893,20140309,8.2
1894,20140310,9.2
1895,20140311,10.2
1896,20140312,11.2
1897,20140313,12.2
1898,20140314,13.2
1899,20140315,14.2
1900,20140316,15.2
1901,20140317,16.2
1902,20140318,17.2
1903,20140319,18.2
1904,20140320,19.2
1905,20140321,20.2
1906,20140322,21.2
1907,20140323,22.2
1908,20140324,23.2
1909,20140325,24.2
1910,20140326,25.2
1911,20140327,26.2
1912,20140328,27.2
1913,20140329,28.2
1914,20140330,29.2
1915,20140331,0.7
1916,20140401,1.7
1917,20140402,2.7
1918,20140403,3.7
1919,20140404,4.7
1920,20140405,5.7
1921,20140406,6.7
1922,20140407,7.7
1923,20140408,8.7
1924,20140409,9.7
1925,20140410,10.7
1926,20140411,11.7
1927,20140412,12.7
1928,20140413,13.7
1929,20140414,14.7
1930,20140415,15.7
1931,20140416,16.7
1932,20140417,17.7
1933,20140418,18.7
1934,20140419,19.7
1935,20140420,20.7
1936,20140421,21.7
1937,20140422,22.7
1938,20140423,23.7
1939,20140424,24.7
1940,20140425,25.7
1941,20140426,26.7
1942,20140427,27.7
1943,20140428,28.7
1944,20140429,0.2
1945,20140430,1.2
1946,20140501,2.2
1947,20140502,3.2
1948,20140503,4.2
1949,20140504,5.2
1950,20140505,6.2
1951,20140506,7.2
1952,20140507,8.2
1953,20140508,9.2
1954,20140509,10.2
1955,20140510,11.2
1956,20140511,12.2
1957,20140512,13.2
1958,20140513,14.2
1959,20140514,15.2
1960,20140515,16.2
1961,20140516,17.2
1962,20140517,18.2
1963,20140518,19.2
1964,20140519,20.2
1965,20140520,21.2
1966,20140521,22.2
1967,20140522,23.2
1968,20140523,24.2
1969,20140524,25.2
1970,20140525,26.2
1971,20140526,27.2
1972,20140527,28.2
1973,20140528,29.2
1974,20140529,0.7
1975,20140530,1.7
1976,20140531,2.7
1977,20140601,3.7
1978,20140602,4.7
1979,20140603,5.7
1980,20140604,6.7
1981,20140605,7.7
1982,20140606,8.7
1983,20140607,9.7
1984,20140608,10.7
1985,20140609,11.7
1986,20140610,12.7
1987,20140611,13.7
1988,20140612,14.7
1989,20140613,15.7
1990,20140614,16.7
1991,20140615,17.7
1992,20140616,18.7
1993,20140617,19.7
1994,20140618,20.7
1995,20140619,21.7
1996,20140620,22.7
1997,20140621,23.7
1998,20140622,24.7
1999,20140623,25.7
2000,20140624,26.7
2001,20140625,27.7
2002,20140626,28.7
2003,20140627,0.2
2004,20140628,1.2
2005,20140629,2.2
2006,20140630,3.2
2007,20140701,4.2
2008,20140702,5.2
2009,20140703,6.2
2010,20140704,7.2
2011,20140705,8.2
2012,20140706,9.2
2013,20140707,10.2
2014,20140708,11.2
2015,20140709,12.2
2016,20140710,13.2
2017,20140711,14.2
2018,20140712,15.2
2019,20140713,16.2
2020,20140714,17.2
2021,20140715,18.2
2022,20140716,19.2
2023,20140717,20.2
2024,20140718,21.2
2025,20140719,22.2
2026,20140720,23.2
2027,20140721,24.2
2028,20140722,25.2
2029,20140723,26.2
2030,20140724,27.2
2031,20140725,28.2
2032,20140726,29.2
2033,20140727,0.6
2034,20140728,1.6
2035,20140729,2.6
2036,20140730,3.6
2037,20140731,4.6
2038,20140801,5.6
2039,20140802,6.6
2040,20140803,7.6
2041,20140804,8.6
2042,20140805,9.6
2043,20140806,10.6
2044,20140807,11.6
2045,20140808,12.6
2046,20140809,13.6
2047,20140810,14.6
2048,20140811,15.6
2049,20140812,16.6
2050,20140813,17.6
2051,20140814,18.6
2052,20140815,19.6
2053,20140816,20.6
2054,20140817,21.6
2055,20140818,22.6
2056,20140819,23.6
2057,20140820,24.6
2058,20140821,25.6
2059,20140822,26.6
2060,20140823,27.6
2061,20140824,28.6
2062,20140825,29.6
2063,20140826,0.9
2064,20140827,1.9
2065,20140828,2.9
2066,20140829,3.9
2067,20140830,4.9
2068,20140831,5.9
2069,20140901,6.9
2070,20140902,7.9
2071,20140903,8.9
2072,20140904,9.9
2073,20140905,10.9
2074,20140906,11.9
2075,20140907,12.9
2076,20140908,13.9
2077,20140909,14.9
2078,20140910,15.9
2079,20140911,16.9
2080,20140912,17.9
2081,20140913,18.9
2082,20140914,19.9
2083,20140915,20.9
2084,20140916,21.9
2085,20140917,22.9
2086,20140918,23.9
2087,20140919,24.9
2088,20140920,25.9
2089,20140921,26.9
2090,20140922,27.9
2091,20140923,28.9
2092,20140924,0.2
2093,20140925,1.2
2094,20140926,2.2
2095,20140927,3.2
2096,20140928,4.2
2097,20140929,5.2
2098,20140930,6.2
2099,20141001,7.2
2100,20141002,8.2
2101,20141003,9.2
2102,20141004,10.2
2103,20141005,11.2
2104,20141006,12.2
2105,20141007,13.2
2106,20141008,14.2
2107,20141009,15.2
2108,20141010,16.2
2109,20141011,17.2
2110,20141012,18.2
2111,20141013,19.2
2112,20141014,20.2
2113,20141015,21.2
2114,20141016,22.2
2115,20141017,23.2
2116,20141018,24.2
2117,20141019,25.2
2118,20141020,26.2
2119,20141021,27.2
2120,20141022,28.2
2121,20141023,29.2
2122,20141024,0.6
2123,20141025,1.6
2124,20141026,2.6
2125,20141027,3.6
2126,20141028,4.6
2127,20141029,5.6
2128,20141030,6.6
2129,20141031,7.6
2130,20141101,8.6
2131,20141102,9.6
2132,20141103,10.6
2133,20141104,11.6
2134,20141105,12.6
2135,20141106,13.6
2136,20141107,14.6
2137,20141108,15.6
2138,20141109,16.6
2139,20141110,17.6
2140,20141111,18.6
2141,20141112,19.6
2142,20141113,20.6
2143,20141114,21.6
2144,20141115,22.6
2145,20141116,23.6
2146,20141117,24.6
2147,20141118,25.6
2148,20141119,26.6
2149,20141120,27.6
2150,20141121,28.6
2151,20141122,29.6
2152,20141123,1.0
2153,20141124,2.0
2154,20141125,3.0
2155,20141126,4.0
2156,20141127,5.0
2157,20141128,6.0
2158,20141129,7.0
2159,20141130,8.0
2160,20141201,9.0
2161,20141202,10.0
2162,20141203,11.0
2163,20141204,12.0
2164,20141205,13.0
2165,20141206,14.0
2166,20141207,15.0
2167,20141208,16.0
2168,20141209,17.0
2169,20141210,18.0
2170,20141211,19.0
2171,20141212,20.0
2172,20141213,21.0
2173,20141214,22.0
2174,20141215,23.0
2175,20141216,24.0
2176,20141217,25.0
2177,20141218,26.0
2178,20141219,27.0
2179,20141220,28.0
2180,20141221,29.0
2181,20141222,0.4
2182,20141223,1.4
2183,20141224,2.4
2184,20141225,3.4
2185,20141226,4.4
2186,20141227,5.4
2187,20141228,6.4
2188,20141229,7.4
2189,20141230,8.4
2190,20141231,9.4
2191,20150101,10.4
2192,20150102,11.4
2193,20150103,12.4
2194,20150104,13.4
2195,20150105,14.4
2196,20150106,15.4
2197,20150107,16.4
2198,20150108,17.4
2199,20150109,18.4
2200,20150110,19.4
2201,20150111,20.4
2202,20150112,21.4
2203,20150113,22.4
2204,20150114,23.4
2205,20150115,24.4
2206,20150116,25.4
2207,20150117,26.4
2208,20150118,27.4
2209,20150119,28.4
2210,20150120,29.4
2211,20150121,0.9
2212,20150122,1.9
2213,20150123,2.9
2214,20150124,3.9
2215,20150125,4.9
2216,20150126,5.9
2217,20150127,6.9
2218,20150128,7.9
2219,20150129,8.9
2220,20150130,9.9
2221,20150131,10.9
2222,20150201,11.9
2223,20150202,12.9
2224,20150203,13.9
2225,20150204,14.9
2226,20150205,15.9
2227,20150206,16.9
2228,20150207,17.9
2229,20150208,18.9
2230,20150209,19.9
2231,20150210,20.9
2232,20150211,21.9
2233,20150212,22.9
2234,20150213,23.9
2235,20150214,24.9
2236,20150215,25.9
2237,20150216,26.9
2238,20150217,27.9
2239,20150218,28.9
2240,20150219,0.5
2241,20150220,1.5
2242,20150221,2.5
2243,20150222,3.5
2244,20150223,4.5
2245,20150224,5.5
2246,20150225,6.5
2247,20150226,7.5
2248,20150227,8.5
2249,20150228,9.5
2250,20150301,10.5
2251,20150302,11.5
2252,20150303,12.5
2253,20150304,13.5
2254,20150305,14.5
2255,20150306,15.5
2256,20150307,16.5
2257,20150308,17.5
2258,20150309,18.5
2259,20150310,19.5
2260,20150311,20.5
2261,20150312,21.5
2262,20150313,22.5
2263,20150314,23.5
2264,20150315,24.5
2265,20150316,25.5
2266,20150317,26.5
2267,20150318,27.5
2268,20150319,28.5
2269,20150320,0.1
2270,20150321,1.1
2271,20150322,2.1
2272,20150323,3.1
2273,20150324,4.1
2274,20150325,5.1
2275,20150326,6.1
2276,20150327,7.1
2277,20150328,8.1
2278,20150329,9.1
2279,20150330,10.1
2280,20150331,11.1
2281,20150401,12.1
2282,20150402,13.1
2283,20150403,14.1
2284,20150404,15.1
2285,20150405,16.1
2286,20150406,17.1
2287,20150407,18.1
2288,20150408,19.1
2289,20150409,20.1
2290,20150410,21.1
2291,20150411,22.1
2292,20150412,23.1
2293,20150413,24.1
2294,20150414,25.1
2295,20150415,26.1
2296,20150416,27.1
2297,20150417,28.1
2298,20150418,29.1
2299,20150419,0.7
2300,20150420,1.7
2301,20150421,2.7
2302,20150422,3.7
2303,20150423,4.7
2304,20150424,5.7
2305,20150425,6.7
2306,20150426,7.7
2307,20150427,8.7
2308,20150428,9.7
2309,20150429,10.7
2310,20150430,11.7
2311,20150501,12.7
2312,20150502,13.7
2313,20150503,14.7
2314,20150504,15.7
2315,20150505,16.7
2316,20150506,17.7
2317,20150507,18.7
2318,20150508,19.7
2319,20150509,20.7
2320,20150510,21.7
2321,20150511,22.7
2322,20150512,23.7
2323,20150513,24.7
2324,20150514,25.7
2325,20150515,26.7
2326,20150516,27.7
2327,20150517,28.7
2328,20150518,0.3
2329,20150519,1.3
2330,20150520,2.3
2331,20150521,3.3
2332,20150522,4.3
2333,20150523,5.3
2334,20150524,6.3
2335,20150525,7.3
2336,20150526,8.3
2337,20150527,9.3
2338,20150528,10.3
2339,20150529,11.3
2340,20150530,12.3
2341,20150531,13.3
2342,20150601,14.3
2343,20150602,15.3
2344,20150603,16.3
2345,20150604,17.3
2346,20150605,18.3
2347,20150606,19.3
2348,20150607,20.3
2349,20150608,21.3
2350,20150609,22.3
2351,20150610,23.3
2352,20150611,24.3
2353,20150612,25.3
2354,20150613,26.3
2355,20150614,27.3
2356,20150615,28.3
2357,20150616,29.3
2358,20150617,0.9
2359,20150618,1.9
2360,20150619,2.9
2361,20150620,3.9
2362,20150621,4.9
2363,20150622,5.9
2364,20150623,6.9
2365,20150624,7.9
2366,20150625,8.9
2367,20150626,9.9
2368,20150627,10.9
2369,20150628,11.9
2370,20150629,12.9
2371,20150630,13.9
2372,20150701,14.9
2373,20150702,15.9
2374,20150703,16.9
2375,20150704,17.9
2376,20150705,18.9
2377,20150706,19.9
2378,20150707,20.9
2379,20150708,21.9
2380,20150709,22.9
2381,20150710,23.9
2382,20150711,24.9
2383,20150712,25.9
2384,20150713,26.9
2385,20150714,27.9
2386,20150715,28.9
2387,20150716,0.4
2388,20150717,1.4
2389,20150718,2.4
2390,20150719,3.4
2391,20150720,4.4
2392,20150721,5.4
2393,20150722,6.4
2394,20150723,7.4
2395,20150724,8.4
2396,20150725,9.4
2397,20150726,10.4
2398,20150727,11.4
2399,20150728,12.4
2400,20150729,13.4
2401,20150730,14.4
2402,20150731,15.4
2403,20150801,16.4
2404,20150802,17.4
2405,20150803,18.4
2406,20150804,19.4
2407,20150805,20.4
2408,20150806,21.4
2409,20150807,22.4
2410,20150808,23.4
2411,20150809,24.4
2412,20150810,25.4
2413,20150811,26.4
2414,20150812,27.4
2415,20150813,28.4
2416,20150814,29.4
2417,20150815,0.9
2418,20150816,1.9
2419,20150817,2.9
2420,20150818,3.9
2421,20150819,4.9
2422,20150820,5.9
2423,20150821,6.9
2424,20150822,7.9
2425,20150823,8.9
2426,20150824,9.9
2427,20150825,10.9
2428,20150826,11.9
2429,20150827,12.9
2430,20150828,13.9
2431,20150829,14.9
2432,20150830,15.9
2433,20150831,16.9
2434,20150901,17.9
2435,20150902,18.9
2436,20150903,19.9
2437,20150904,20.9
2438,20150905,21.9
2439,20150906,22.9
2440,20150907,23.9
2441,20150908,24.9
2442,20150909,25.9
2443,20150910,26.9
2444,20150911,27.9
2445,20150912,28.9
2446,20150913,0.2
2447,20150914,1.2
2448,20150915,2.2
2449,20150916,3.2
2450,20150917,4.2
2451,20150918,5.2
2452,20150919,6.2
2453,20150920,7.2
2454,20150921,8.2
2455,20150922,9.2
2456,20150923,10.2
2457,20150924,11.2
2458,20150925,12.2
2459,20150926,13.2
2460,20150927,14.2
2461,20150928,15.2
2462,20150929,16.2
2463,20150930,17.2
2464,20151001,18.2
2465,20151002,19.2
2466,20151003,20.2
2467,20151004,21.2
2468,20151005,22.2
2469,20151006,23.2
2470,20151007,24.2
2471,20151008,25.2
2472,20151009,26.2
2473,20151010,27.2
2474,20151011,28.2
2475,20151012,29.2
2476,20151013,0.5
2477,20151014,1.5
2478,20151015,2.5
2479,20151016,3.5
2480,20151017,4.5
2481,20151018,5.5
2482,20151019,6.5
2483,20151020,7.5
2484,20151021,8.5
2485,20151022,9.5
2486,20151023,10.5
2487,20151024,11.5
2488,20151025,12.5
2489,20151026,13.5
2490,20151027,14.5
2491,20151028,15.5
2492,20151029,16.5
2493,20151030,17.5
2494,20151031,18.5
2495,20151101,19.5
2496,20151102,20.5
2497,20151103,21.5
2498,20151104,22.5
2499,20151105,23.5
2500,20151106,24.5
2501,20151107,25.5
2502,20151108,26.5
2503,20151109,27.5
2504,20151110,28.5
2505,20151111,29.5
2506,20151112,0.8
2507,20151113,1.8
2508,20151114,2.8
2509,20151115,3.8
2510,20151116,4.8
2511,20151117,5.8
2512,20151118,6.8
2513,20151119,7.8
2514,20151120,8.8
2515,20151121,9.8
2516,20151122,10.8
2517,20151123,11.8
2518,20151124,12.8
2519,20151125,13.8
2520,20151126,14.8
2521,20151127,15.8
2522,20151128,16.8
2523,20151129,17.8
2524,20151130,18.8
2525,20151201,19.8
2526,20151202,20.8
2527,20151203,21.8
2528,20151204,22.8
2529,20151205,23.8
2530,20151206,24.8
2531,20151207,25.8
2532,20151208,26.8
2533,20151209,27.8
2534,20151210,28.8
2535,20151211,0.1
2536,20151212,1.1
2537,20151213,2.1
2538,20151214,3.1
2539,20151215,4.1
2540,20151216,5.1
2541,20151217,6.1
2542,20151218,7.1
2543,20151219,8.1
2544,20151220,9.1
2545,20151221,10.1
2546,20151222,11.1
2547,20151223,12.1
2548,20151224,13.1
2549,20151225,14.1
2550,20151226,15.1
2551,20151227,16.1
2552,20151228,17.1
2553,20151229,18.1
2554,20151230,19.1
2555,20151231,20.1
2556,20160101,21.1
2557,20160102,22.1
2558,20160103,23.1
2559,20160104,24.1
2560,20160105,25.1
2561,20160106,26.1
2562,20160107,27.1
2563,20160108,28.1
2564,20160109,29.1
2565,20160110,0.4
2566,20160111,1.4
2567,20160112,2.4
2568,20160113,3.4
2569,20160114,4.4
2570,20160115,5.4
2571,20160116,6.4
2572,20160117,7.4
2573,20160118,8.4
2574,20160119,9.4
2575,20160120,10.4
2576,20160121,11.4
2577,20160122,12.4
2578,20160123,13.4
2579,20160124,14.4
2580,20160125,15.4
2581,20160126,16.4
2582,20160127,17.4
2583,20160128,18.4
2584,20160129,19.4
2585,20160130,20.4
2586,20160131,21.4
2587,20160201,22.4
2588,20160202,23.4
2589,20160203,24.4
2590,20160204,25.4
2591,20160205,26.4
2592,20160206,27.4
2593,20160207,28.4
2594,20160208,29.4
2595,20160209,0.9
2596,20160210,1.9
2597,20160211,2.9
2598,20160212,3.9
2599,20160213,4.9
2600,20160214,5.9
2601,20160215,6.9
2602,20160216,7.9
2603,20160217,8.9
2604,20160218,9.9
2605,20160219,10.9
2606,20160220,11.9
2607,20160221,12.9
2608,20160222,13.9
2609,20160223,14.9
2610,20160224,15.9
2611,20160225,16.9
2612,20160226,17.9
2613,20160227,18.9
2614,20160228,19.9
2615,20160229,20.9
2616,20160301,21.9
2617,20160302,22.9
2618,20160303,23.9
2619,20160304,24.9
2620,20160305,25.9
2621,20160306,26.9
2622,20160307,27.9
2623,20160308,28.9
2624,20160309,0.4
2625,20160310,1.4
2626,20160311,2.4
2627,20160312,2.5
2628,20160313,4.4
2629,20160314,5.4
2630,20160315,6.4
2631,20160316,7.4
2632,20160317,8.4
2633,20160318,9.4
2634,20160319,10.4
2635,20160320,11.4
2636,20160321,12.4
2637,20160322,13.4
2638,20160323,14.4
2639,20160324,15.4
2640,20160325,16.4
2641,20160326,17.4
2642,20160327,18.4
2643,20160328,19.4
2644,20160329,20.4
2645,20160330,21.4
2646,20160331,22.4
2647,20160401,23.4
2648,20160402,24.4
2649,20160403,25.4
2650,20160404,26.4
2651,20160405,27.4
2652,20160406,28.4
2653,20160407,0.0
2654,20160408,1.0
2655,20160409,2.0
2656,20160410,3.0
2657,20160411,4.0
2658,20160412,5.0
2659,20160413,6.0
2660,20160414,7.0
2661,20160415,8.0
2662,20160416,9.0
2663,20160417,10.0
2664,20160418,11.0
2665,20160419,12.0
2666,20160420,13.0
2667,20160421,14.0
2668,20160422,15.0
2669,20160423,16.0
2670,20160424,17.0
2671,20160425,18.0
2672,20160426,19.0
2673,20160427,20.0
2674,20160428,21.0
2675,20160429,22.0
2676,20160430,23.0
2677,20160501,24.0
2678,20160502,25.0
2679,20160503,26.0
2680,20160504,27.0
2681,20160505,28.0
2682,20160506,29.0
2683,20160507,0.7
2684,20160508,1.7
2685,20160509,2.7
2686,20160510,3.7
2687,20160511,4.7
2688,20160512,5.7
2689,20160513,6.7
2690,20160514,7.7
2691,20160515,8.7
2692,20160516,9.7
2693,20160517,10.7
2694,20160518,11.7
2695,20160519,12.7
2696,20160520,13.7
2697,20160521,14.7
2698,20160522,15.7
2699,20160523,16.7
2700,20160524,17.7
2701,20160525,18.7
2702,20160526,19.7
2703,20160527,20.7
2704,20160528,21.7
2705,20160529,22.7
2706,20160530,23.7
2707,20160531,24.7
2708,20160601,25.7
2709,20160602,26.7
2710,20160603,27.7
2711,20160604,28.7
2712,20160605,0.4
2713,20160606,1.4
2714,20160607,2.4
2715,20160608,3.4
2716,20160609,4.4
2717,20160610,5.4
2718,20160611,6.4
2719,20160612,7.4
2720,20160613,8.4
2721,20160614,9.4
2722,20160615,10.4
2723,20160616,11.4
2724,20160617,12.4
2725,20160618,13.4
2726,20160619,14.4
2727,20160620,15.4
2728,20160621,16.4
2729,20160622,17.4
2730,20160623,18.4
2731,20160624,19.4
2732,20160625,20.4
2733,20160626,21.4
2734,20160627,22.4
2735,20160628,23.4
2736,20160629,24.4
2737,20160630,25.4
2738,20160701,26.4
2739,20160702,27.4
2740,20160703,28.4
2741,20160704,0.0
2742,20160705,1.0
2743,20160706,2.0
2744,20160707,3.0
2745,20160708,4.0
2746,20160709,5.0
2747,20160710,6.0
2748,20160711,7.0
2749,20160712,8.0
2750,20160713,9.0
2751,20160714,10.0
2752,20160715,11.0
2753,20160716,12.0
2754,20160717,13.0
2755,20160718,14.0
2756,20160719,15.0
2757,20160720,16.0
2758,20160721,17.0
2759,20160722,18.0
2760,20160723,19.0
2761,20160724,20.0
2762,20160725,21.0
2763,20160726,22.0
2764,20160727,23.0
2765,20160728,24.0
2766,20160729,25.0
2767,20160730,26.0
2768,20160731,27.0
2769,20160801,28.0
2770,20160802,29.0
2771,20160803,0.6
2772,20160804,1.6
2773,20160805,2.6
2774,20160806,3.6
2775,20160807,4.6
2776,20160808,5.6
2777,20160809,6.6
2778,20160810,7.6
2779,20160811,8.6
2780,20160812,9.6
2781,20160813,10.6
2782,20160814,11.6
2783,20160815,12.6
2784,20160816,13.6
2785,20160817,14.6
2786,20160818,15.6
2787,20160819,16.6
2788,20160820,17.6
2789,20160821,18.6
2790,20160822,19.6
2791,20160823,20.6
2792,20160824,21.6
2793,20160825,22.6
2794,20160826,23.6
2795,20160827,24.6
2796,20160828,25.6
2797,20160829,26.6
2798,20160830,27.6
2799,20160831,28.6
2800,20160901,0.1
2801,20160902,1.1
2802,20160903,2.1
2803,20160904,3.1
2804,20160905,4.1
2805,20160906,5.1
2806,20160907,6.1
2807,20160908,7.1
2808,20160909,8.1
2809,20160910,9.1
2810,20160911,10.1
2811,20160912,11.1
2812,20160913,12.1
2813,20160914,13.1
2814,20160915,14.1
2815,20160916,15.1
2816,20160917,16.1
2817,20160918,17.1
2818,20160919,18.1
2819,20160920,19.1
2820,20160921,20.1
2821,20160922,21.1
2822,20160923,22.1
2823,20160924,23.1
2824,20160925,24.1
2825,20160926,25.1
2826,20160927,26.1
2827,20160928,27.1
2828,20160929,28.1
2829,20160930,29.1
2830,20161001,0.5
2831,20161002,1.5
2832,20161003,2.5
2833,20161004,3.5
2834,20161005,4.5
2835,20161006,5.5
2836,20161007,6.5
2837,20161008,7.5
2838,20161009,8.5
2839,20161010,9.5
2840,20161011,10.5
2841,20161012,11.5
2842,20161013,12.5
2843,20161014,13.5
2844,20161015,14.5
2845,20161016,15.5
2846,20161017,16.5
2847,20161018,17.5
2848,20161019,18.5
2849,20161020,19.5
2850,20161021,20.5
2851,20161022,21.5
2852,20161023,22.5
2853,20161024,23.5
2854,20161025,24.5
2855,20161026,25.5
2856,20161027,26.5
2857,20161028,27.5
2858,20161029,28.5
2859,20161030,29.5
2860,20161031,0.8
2861,20161101,1.8
2862,20161102,2.8
2863,20161103,3.8
2864,20161104,4.8
2865,20161105,5.8
2866,20161106,6.8
2867,20161107,7.8
2868,20161108,8.8
2869,20161109,9.8
2870,20161110,10.8
2871,20161111,11.8
2872,20161112,12.8
2873,20161113,13.8
2874,20161114,14.8
2875,20161115,15.8
2876,20161116,16.8
2877,20161117,17.8
2878,20161118,18.8
2879,20161119,19.8
2880,20161120,20.8
2881,20161121,21.8
2882,20161122,22.8
2883,20161123,23.8
2884,20161124,24.8
2885,20161125,25.8
2886,20161126,26.8
2887,20161127,27.8
2888,20161128,28.8
2889,20161129,29.8
2890,20161130,1.0
2891,20161201,2.0
2892,20161202,3.0
2893,20161203,4.0
2894,20161204,5.0
2895,20161205,6.0
2896,20161206,7.0
2897,20161207,8.0
2898,20161208,9.0
2899,20161209,10.0
2900,20161210,11.0
2901,20161211,12.0
2902,20161212,13.0
2903,20161213,14.0
2904,20161214,15.0
2905,20161215,16.0
2906,20161216,17.0
2907,20161217,18.0
2908,20161218,19.0
2909,20161219,20.0
2910,20161220,21.0
2911,20161221,22.0
2912,20161222,23.0
2913,20161223,24.0
2914,20161224,25.0
2915,20161225,26.0
2916,20161226,27.0
2917,20161227,28.0
2918,20161228,29.0
2919,20161229,0.2
2920,20161230,1.2
2921,20161231,2.2
2922,20170101,3.2
2923,20170102,4.2
2924,20170103,5.2
2925,20170104,6.2
2926,20170105,7.2
2927,20170106,8.2
2928,20170107,9.2
2929,20170108,10.2
2930,20170109,11.2
2931,20170110,12.2
2932,20170111,13.2
2933,20170112,14.2
2934,20170113,15.2
2935,20170114,16.2
2936,20170115,17.2
2937,20170116,18.2
2938,20170117,19.2
2939,20170118,20.2
2940,20170119,21.2
2941,20170120,22.2
2942,20170121,23.2
2943,20170122,24.2
2944,20170123,25.2
2945,20170124,26.2
2946,20170125,27.2
2947,20170126,28.2
2948,20170127,29.2
2949,20170128,0.5
2950,20170129,1.5
2951,20170130,2.5
2952,20170131,3.5
2953,20170201,4.5
2954,20170202,5.5
2955,20170203,6.5
2956,20170204,7.5
2957,20170205,8.5
2958,20170206,9.5
2959,20170207,10.5
2960,20170208,11.5
2961,20170209,12.5
2962,20170210,13.5
2963,20170211,14.5
2964,20170212,15.5
2965,20170213,16.5
2966,20170214,17.5
2967,20170215,18.5
2968,20170216,19.5
2969,20170217,20.5
2970,20170218,21.5
2971,20170219,22.5
2972,20170220,23.5
2973,20170221,24.5
2974,20170222,25.5
2975,20170223,26.5
2976,20170224,27.5
2977,20170225,28.5
2978,20170226,29.5
2979,20170227,0.9
2980,20170228,1.9
2981,20170301,2.9
2982,20170302,3.9
2983,20170303,4.9
2984,20170304,5.9
2985,20170305,6.9
2986,20170306,7.9
2987,20170307,8.9
2988,20170308,9.9
2989,20170309,10.9
2990,20170310,11.9
2991,20170311,12.9
2992,20170312,13.9
2993,20170313,14.9
2994,20170314,15.9
2995,20170315,16.9
2996,20170316,17.9
2997,20170317,18.9
2998,20170318,19.9
2999,20170319,20.9
3000,20170320,21.9
3001,20170321,22.9
3002,20170322,23.9
3003,20170323,24.9
3004,20170324,25.9
3005,20170325,26.9
3006,20170326,27.9
3007,20170327,28.9
3008,20170328,0.4
3009,20170329,1.4
3010,20170330,2.4
3011,20170331,3.4
3012,20170401,4.4
3013,20170402,5.4
3014,20170403,6.4
3015,20170404,7.4
3016,20170405,8.4
3017,20170406,9.4
3018,20170407,10.4
3019,20170408,11.4
3020,20170409,12.4
3021,20170410,13.4
3022,20170411,14.4
3023,20170412,15.4
3024,20170413,16.4
3025,20170414,17.4
3026,20170415,18.4
3027,20170416,19.4
3028,20170417,20.4
3029,20170418,21.4
3030,20170419,22.4
3031,20170420,23.4
3032,20170421,24.4
3033,20170422,25.4
3034,20170423,26.4
3035,20170424,27.4
3036,20170425,28.4
3037,20170426,29.4
3038,20170427,1.0
3039,20170428,2.0
3040,20170429,3.0
3041,20170430,4.0
3042,20170501,5.0
3043,20170502,6.0
3044,20170503,7.0
3045,20170504,8.0
3046,20170505,9.0
3047,20170506,10.0
3048,20170507,11.0
3049,20170508,12.0
3050,20170509,13.0
3051,20170510,14.0
3052,20170511,15.0
3053,20170512,16.0
3054,20170513,17.0
3055,20170514,18.0
3056,20170515,19.0
3057,20170516,20.0
3058,20170517,21.0
3059,20170518,22.0
3060,20170519,23.0
3061,20170520,24.0
3062,20170521,25.0
3063,20170522,26.0
3064,20170523,27.0
3065,20170524,28.0
3066,20170525,29.0
3067,20170526,0.7
3068,20170527,1.7
3069,20170528,2.7
3070,20170529,3.7
3071,20170530,4.7
3072,20170531,5.7
3073,20170601,6.7
3074,20170602,7.7
3075,20170603,8.7
3076,20170604,9.7
3077,20170605,10.7
3078,20170606,11.7
3079,20170607,12.7
3080,20170608,13.7
3081,20170609,14.7
3082,20170610,15.7
3083,20170611,16.7
3084,20170612,17.7
3085,20170613,18.7
3086,20170614,19.7
3087,20170615,20.7
3088,20170616,21.7
3089,20170617,22.7
3090,20170618,23.7
3091,20170619,24.7
3092,20170620,25.7
3093,20170621,26.7
3094,20170622,27.7
3095,20170623,28.7
3096,20170624,0.4
3097,20170625,1.4
3098,20170626,2.4
3099,20170627,3.4
3100,20170628,4.4
3101,20170629,5.4
3102,20170630,6.4
3103,20170701,7.4
3104,20170702,8.4
3105,20170703,9.4
3106,20170704,10.4
3107,20170705,11.4
3108,20170706,12.4
3109,20170707,13.4
3110,20170708,14.4
3111,20170709,15.4
3112,20170710,16.4
3113,20170711,17.4
3114,20170712,18.4
3115,20170713,19.4
3116,20170714,20.4
3117,20170715,21.4
3118,20170716,22.4
3119,20170717,23.4
3120,20170718,24.4
3121,20170719,25.4
3122,20170720,26.4
3123,20170721,27.4
3124,20170722,28.4
3125,20170723,0.1
3126,20170724,1.1
3127,20170725,2.1
3128,20170726,3.1
3129,20170727,4.1
3130,20170728,5.1
3131,20170729,6.1
3132,20170730,7.1
3133,20170731,8.1
3134,20170801,9.1
3135,20170802,10.1
3136,20170803,11.1
3137,20170804,12.1
3138,20170805,13.1
3139,20170806,14.1
3140,20170807,15.1
3141,20170808,16.1
3142,20170809,17.1
3143,20170810,18.1
3144,20170811,19.1
3145,20170812,20.1
3146,20170813,21.1
3147,20170814,22.1
3148,20170815,23.1
3149,20170816,24.1
3150,20170817,25.1
3151,20170818,26.1
3152,20170819,27.1
3153,20170820,28.1
3154,20170821,29.1
3155,20170822,0.7
3156,20170823,1.7
3157,20170824,2.7
3158,20170825,3.7
3159,20170826,4.7
3160,20170827,5.7
3161,20170828,6.7
3162,20170829,7.7
3163,20170830,8.7
3164,20170831,9.7
3165,20170901,10.7
3166,20170902,11.7
3167,20170903,12.7
3168,20170904,13.7
3169,20170905,14.7
3170,20170906,15.7
3171,20170907,16.7
3172,20170908,17.7
3173,20170909,18.7
3174,20170910,19.7
3175,20170911,20.7
3176,20170912,21.7
3177,20170913,22.7
3178,20170914,23.7
3179,20170915,24.7
3180,20170916,25.7
3181,20170917,26.7
3182,20170918,27.7
3183,20170919,28.7
3184,20170920,0.3
3185,20170921,1.3
3186,20170922,2.3
3187,20170923,3.3
3188,20170924,4.3
3189,20170925,5.3
3190,20170926,6.3
3191,20170927,7.3
3192,20170928,8.3
3193,20170929,9.3
3194,20170930,10.3
3195,20171001,11.3
3196,20171002,12.3
3197,20171003,13.3
3198,20171004,14.3
3199,20171005,15.3
3200,20171006,16.3
3201,20171007,17.3
3202,20171008,18.3
3203,20171009,19.3
3204,20171010,20.3
3205,20171011,21.3
3206,20171012,22.3
3207,20171013,23.3
3208,20171014,24.3
3209,20171015,25.3
3210,20171016,26.3
3211,20171017,27.3
3212,20171018,28.3
3213,20171019,29.3
3214,20171020,0.7
3215,20171021,1.7
3216,20171022,2.7
3217,20171023,3.7
3218,20171024,4.7
3219,20171025,5.7
3220,20171026,6.7
3221,20171027,7.7
3222,20171028,8.7
3223,20171029,9.7
3224,20171030,10.7
3225,20171031,11.7
3226,20171101,12.7
3227,20171102,13.7
3228,20171103,14.7
3229,20171104,15.7
3230,20171105,16.7
3231,20171106,17.7
3232,20171107,18.7
3233,20171108,19.7
3234,20171109,20.7
3235,20171110,21.7
3236,20171111,22.7
3237,20171112,23.7
3238,20171113,24.7
3239,20171114,25.7
3240,20171115,26.7
3241,20171116,27.7
3242,20171117,28.7
3243,20171118,0.0
3244,20171119,1.0
3245,20171120,2.0
3246,20171121,3.0
3247,20171122,4.0
3248,20171123,5.0
3249,20171124,6.0
3250,20171125,7.0
3251,20171126,8.0
3252,20171127,9.0
3253,20171128,10.0
3254,20171129,11.0
3255,20171130,12.0
3256,20171201,13.0
3257,20171202,14.0
3258,20171203,15.0
3259,20171204,16.0
3260,20171205,17.0
3261,20171206,18.0
3262,20171207,19.0
3263,20171208,20.0
3264,20171209,21.0
3265,20171210,22.0
3266,20171211,23.0
3267,20171212,24.0
3268,20171213,25.0
3269,20171214,26.0
3270,20171215,27.0
3271,20171216,28.0
3272,20171217,29.0
3273,20171218,0.2
3274,20171219,1.2
3275,20171220,2.2
3276,20171221,3.2
3277,20171222,4.2
3278,20171223,5.2
3279,20171224,6.2
3280,20171225,7.2
3281,20171226,8.2
3282,20171227,9.2
3283,20171228,10.2
3284,20171229,11.2
3285,20171230,12.2
3286,20171231,13.2
3287,20180101,14.2
3288,20180102,15.2
3289,20180103,16.2
3290,20180104,17.2
3291,20180105,18.2
3292,20180106,19.2
3293,20180107,20.2
3294,20180108,21.2
3295,20180109,22.2
3296,20180110,23.2
3297,20180111,24.2
3298,20180112,25.2
3299,20180113,26.2
3300,20180114,27.2
3301,20180115,28.2
3302,20180116,29.2
3303,20180117,0.4
3304,20180118,1.4
3305,20180119,2.4
3306,20180120,3.4
3307,20180121,4.4
3308,20180122,5.4
3309,20180123,6.4
3310,20180124,7.4
3311,20180125,8.4
3312,20180126,9.4
3313,20180127,10.4
3314,20180128,11.4
3315,20180129,12.4
3316,20180130,13.4
3317,20180131,14.4
3318,20180201,15.4
3319,20180202,16.4
3320,20180203,17.4
3321,20180204,18.4
3322,20180205,19.4
3323,20180206,20.4
3324,20180207,21.4
3325,20180208,22.4
3326,20180209,23.4
3327,20180210,24.4
3328,20180211,25.4
3329,20180212,26.4
3330,20180213,27.4
3331,20180214,28.4
3332,20180215,29.4
3333,20180216,0.6
3334,20180217,1.6
3335,20180218,2.6
3336,20180219,3.6
3337,20180220,4.6
3338,20180221,5.6
3339,20180222,6.6
3340,20180223,7.6
3341,20180224,8.6
3342,20180225,9.6
3343,20180226,10.6
3344,20180227,11.6
3345,20180228,12.6
3346,20180301,13.6
3347,20180302,14.6
3348,20180303,15.6
3349,20180304,16.6
3350,20180305,17.6
3351,20180306,18.6
3352,20180307,19.6
3353,20180308,20.6
3354,20180309,21.6
3355,20180310,22.6
3356,20180311,23.6
3357,20180312,24.6
3358,20180313,25.6
3359,20180314,26.6
3360,20180315,27.6
3361,20180316,28.6
3362,20180317,29.6
3363,20180318,1.0
3364,20180319,2.0
3365,20180320,3.0
3366,20180321,4.0
3367,20180322,5.0
3368,20180323,6.0
3369,20180324,7.0
3370,20180325,8.0
3371,20180326,9.0
3372,20180327,10.0
3373,20180328,11.0
3374,20180329,12.0
3375,20180330,13.0
3376,20180331,14.0
3377,20180401,15.0
3378,20180402,16.0
3379,20180403,17.0
3380,20180404,18.0
3381,20180405,19.0
3382,20180406,20.0
3383,20180407,21.0
3384,20180408,22.0
3385,20180409,23.0
3386,20180410,24.0
3387,20180411,25.0
3388,20180412,26.0
3389,20180413,27.0
3390,20180414,28.0
3391,20180415,29.0
3392,20180416,0.4
3393,20180417,1.4
3394,20180418,2.4
3395,20180419,3.4
3396,20180420,4.4
3397,20180421,5.4
3398,20180422,6.4
3399,20180423,7.4
3400,20180424,8.4
3401,20180425,9.4
3402,20180426,10.4
3403,20180427,11.4
3404,20180428,12.4
3405,20180429,13.4
3406,20180430,14.4
3407,20180501,15.4
3408,20180502,16.4
3409,20180503,17.4
3410,20180504,18.4
3411,20180505,19.4
3412,20180506,20.4
3413,20180507,21.4
3414,20180508,22.4
3415,20180509,23.4
3416,20180510,24.4
3417,20180511,25.4
3418,20180512,26.4
3419,20180513,27.4
3420,20180514,28.4
3421,20180515,0.0
3422,20180516,1.0
3423,20180517,2.0
3424,20180518,3.0
3425,20180519,4.0
3426,20180520,5.0
3427,20180521,6.0
3428,20180522,7.0
3429,20180523,8.0
3430,20180524,9.0
3431,20180525,10.0
3432,20180526,11.0
3433,20180527,12.0
3434,20180528,13.0
3435,20180529,14.0
3436,20180530,15.0
3437,20180531,16.0
3438,20180601,17.0
3439,20180602,18.0
3440,20180603,19.0
3441,20180604,20.0
3442,20180605,21.0
3443,20180606,22.0
3444,20180607,23.0
3445,20180608,24.0
3446,20180609,25.0
3447,20180610,26.0
3448,20180611,27.0
3449,20180612,28.0
3450,20180613,29.0
3451,20180614,0.7
3452,20180615,1.7
3453,20180616,2.7
3454,20180617,3.7
3455,20180618,4.7
3456,20180619,5.7
3457,20180620,6.7
3458,20180621,7.7
3459,20180622,8.7
3460,20180623,9.7
3461,20180624,10.7
3462,20180625,11.7
3463,20180626,12.7
3464,20180627,13.7
3465,20180628,14.7
3466,20180629,15.7
3467,20180630,16.7
3468,20180701,17.7
3469,20180702,18.7
3470,20180703,19.7
3471,20180704,20.7
3472,20180705,21.7
3473,20180706,22.7
3474,20180707,23.7
3475,20180708,24.7
3476,20180709,25.7
3477,20180710,26.7
3478,20180711,27.7
3479,20180712,28.7
3480,20180713,0.4
3481,20180714,1.4
3482,20180715,2.4
3483,20180716,3.4
3484,20180717,4.4
3485,20180718,5.4
3486,20180719,6.4
3487,20180720,7.4
3488,20180721,8.4
3489,20180722,9.4
3490,20180723,10.4
3491,20180724,11.4
3492,20180725,12.4
3493,20180726,13.4
3494,20180727,14.4
3495,20180728,15.4
3496,20180729,16.4
3497,20180730,17.4
3498,20180731,18.4
3499,20180801,19.4
3500,20180802,20.4
3501,20180803,21.4
3502,20180804,22.4
3503,20180805,23.4
3504,20180806,24.4
3505,20180807,25.4
3506,20180808,26.4
3507,20180809,27.4
3508,20180810,28.4
3509,20180811,0.1
3510,20180812,1.1
3511,20180813,2.1
3512,20180814,3.1
3513,20180815,4.1
3514,20180816,5.1
3515,20180817,6.1
3516,20180818,7.1
3517,20180819,8.1
3518,20180820,9.1
3519,20180821,10.1
3520,20180822,11.1
3521,20180823,12.1
3522,20180824,13.1
3523,20180825,14.1
3524,20180826,15.1
3525,20180827,16.1
3526,20180828,17.1
3527,20180829,18.1
3528,20180830,19.1
3529,20180831,20.1
3530,20180901,21.1
3531,20180902,22.1
3532,20180903,23.1
3533,20180904,24.1
3534,20180905,25.1
3535,20180906,26.1
3536,20180907,27.1
3537,20180908,28.1
3538,20180909,29.1
3539,20180910,0.7
3540,20180911,1.7
3541,20180912,2.7
3542,20180913,3.7
3543,20180914,4.7
3544,20180915,5.7
3545,20180916,6.7
3546,20180917,7.7
3547,20180918,8.7
3548,20180919,9.7
3549,20180920,10.7
3550,20180921,11.7
3551,20180922,12.7
3552,20180923,13.7
3553,20180924,14.7
3554,20180925,15.7
3555,20180926,16.7
3556,20180927,17.7
3557,20180928,18.7
3558,20180929,19.7
3559,20180930,20.7
3560,20181001,21.7
3561,20181002,22.7
3562,20181003,23.7
3563,20181004,24.7
3564,20181005,25.7
3565,20181006,26.7
3566,20181007,27.7
3567,20181008,28.7
3568,20181009,0.3
3569,20181010,1.3
3570,20181011,2.3
3571,20181012,3.3
3572,20181013,4.3
3573,20181014,5.3
3574,20181015,6.3
3575,20181016,7.3
3576,20181017,8.3
3577,20181018,9.3
3578,20181019,10.3
3579,20181020,11.3
3580,20181021,12.3
3581,20181022,13.3
3582,20181023,14.3
3583,20181024,15.3
3584,20181025,16.3
3585,20181026,17.3
3586,20181027,18.3
3587,20181028,19.3
3588,20181029,20.3
3589,20181030,21.3
3590,20181031,22.3
3591,20181101,23.3
3592,20181102,24.3
3593,20181103,25.3
3594,20181104,26.3
3595,20181105,27.3
3596,20181106,28.3
3597,20181107,29.3
3598,20181108,0.8
3599,20181109,1.8
3600,20181110,2.8
3601,20181111,3.8
3602,20181112,4.8
3603,20181113,5.8
3604,20181114,6.8
3605,20181115,7.8
3606,20181116,8.8
3607,20181117,9.8
3608,20181118,10.8
3609,20181119,11.8
3610,20181120,12.8
3611,20181121,13.8
3612,20181122,14.8
3613,20181123,15.8
3614,20181124,16.8
3615,20181125,17.8
3616,20181126,18.8
3617,20181127,19.8
3618,20181128,20.8
3619,20181129,21.8
3620,20181130,22.8
3621,20181201,23.8
3622,20181202,24.8
3623,20181203,25.8
3624,20181204,26.8
3625,20181205,27.8
3626,20181206,28.8
3627,20181207,0.2
3628,20181208,1.2
3629,20181209,2.2
3630,20181210,3.2
3631,20181211,4.2
3632,20181212,5.2
3633,20181213,6.2
3634,20181214,7.2
3635,20181215,8.2
3636,20181216,9.2
3637,20181217,10.2
3638,20181218,11.2
3639,20181219,12.2
3640,20181220,13.2
3641,20181221,14.2
3642,20181222,15.2
3643,20181223,16.2
3644,20181224,17.2
3645,20181225,18.2
3646,20181226,19.2
3647,20181227,20.2
3648,20181228,21.2
3649,20181229,22.2
3650,20181230,23.2
3651,20181231,24.2
3652,20190101,25.2
3653,20190102,26.2
3654,20190103,27.2
3655,20190104,28.2
3656,20190105,29.2
3657,20190106,0.4
3658,20190107,1.4
3659,20190108,2.4
3660,20190109,3.4
3661,20190110,4.4
3662,20190111,5.4
3663,20190112,6.4
3664,20190113,7.4
3665,20190114,8.4
3666,20190115,9.4
3667,20190116,10.4
3668,20190117,11.4
3669,20190118,12.4
3670,20190119,13.4
3671,20190120,14.4
3672,20190121,15.4
3673,20190122,16.4
3674,20190123,17.4
3675,20190124,18.4
3676,20190125,19.4
3677,20190126,20.4
3678,20190127,21.4
3679,20190128,22.4
3680,20190129,23.4
3681,20190130,24.4
3682,20190131,25.4
3683,20190201,26.4
3684,20190202,27.4
3685,20190203,28.4
3686,20190204,29.4
3687,20190205,0.6
3688,20190206,1.6
3689,20190207,2.6
3690,20190208,3.6
3691,20190209,4.6
3692,20190210,5.6
3693,20190211,6.6
3694,20190212,7.6
3695,20190213,8.6
3696,20190214,9.6
3697,20190215,10.6
3698,20190216,11.6
3699,20190217,12.6
3700,20190218,13.6
3701,20190219,14.6
3702,20190220,15.6
3703,20190221,16.6
3704,20190222,17.6
3705,20190223,18.6
3706,20190224,19.6
3707,20190225,20.6
3708,20190226,21.6
3709,20190227,22.6
3710,20190228,23.6
3711,20190301,24.6
3712,20190302,25.6
3713,20190303,26.6
3714,20190304,27.6
3715,20190305,28.6
3716,20190306,29.6
3717,20190307,0.8
3718,20190308,1.8
3719,20190309,2.8
3720,20190310,3.8
3721,20190311,4.8
3722,20190312,5.8
3723,20190313,6.8
3724,20190314,7.8
3725,20190315,8.8
3726,20190316,9.8
3727,20190317,10.8
3728,20190318,11.8
3729,20190319,12.8
3730,20190320,13.8
3731,20190321,14.8
3732,20190322,15.8
3733,20190323,16.8
3734,20190324,17.8
3735,20190325,18.8
3736,20190326,19.8
3737,20190327,20.8
3738,20190328,21.8
3739,20190329,22.8
3740,20190330,23.8
3741,20190331,24.8
3742,20190401,25.8
3743,20190402,26.8
3744,20190403,27.8
3745,20190404,28.8
3746,20190405,0.1
3747,20190406,1.1
3748,20190407,2.1
3749,20190408,3.1
3750,20190409,4.1
3751,20190410,5.1
3752,20190411,6.1
3753,20190412,7.1
3754,20190413,8.1
3755,20190414,9.1
3756,20190415,10.1
3757,20190416,11.1
3758,20190417,12.1
3759,20190418,13.1
3760,20190419,14.1
3761,20190420,15.1
3762,20190421,16.1
3763,20190422,17.1
3764,20190423,18.1
3765,20190424,19.1
3766,20190425,20.1
3767,20190426,21.1
3768,20190427,22.1
3769,20190428,23.1
3770,20190429,24.1
3771,20190430,25.1
3772,20190501,26.1
3773,20190502,27.1
3774,20190503,28.1
3775,20190504,29.1
3776,20190505,0.6
3777,20190506,1.6
3778,20190507,2.6
3779,20190508,3.6
3780,20190509,4.6
3781,20190510,5.6
3782,20190511,6.6
3783,20190512,7.6
3784,20190513,8.6
3785,20190514,9.6
3786,20190515,10.6
3787,20190516,11.6
3788,20190517,12.6
3789,20190518,13.6
3790,20190519,14.6
3791,20190520,15.6
3792,20190521,16.6
3793,20190522,17.6
3794,20190523,18.6
3795,20190524,19.6
3796,20190525,20.6
3797,20190526,21.6
3798,20190527,22.6
3799,20190528,23.6
3800,20190529,24.6
3801,20190530,25.6
3802,20190531,26.6
